Target UE Iperf3 Measured Throughput 1 (Kbps),Non-Target UE Iperf3 Measured Throughput 1 (Kbps),FB-AII Estimated Throughput 1 (Mbps),Tset 1 (Mbps),jammer_gain 1,Inteference Efficiency,Target UE Iperf3 Measured Throughput 2,Non-Target UE Iperf3 Measured Throughput 2,FB-AII Estimated Throughput 2,Tset 2,jammer_gain 2,Inteference Efficiency,Target UE Iperf3 Measured Throughput 3,Non-Target UE Iperf3 Measured Throughput 3,FB-AII Estimated Throughput 3,Tset 3,jammer_gain 3,Inteference Efficiency,Target UE Iperf3 Measured Throughput 1 (Kbps),Non-Target UE Iperf3 Measured Throughput 1 (Kbps),FB-AII Estimated Throughput 1 (Mbps),Tset 1 (Mbps),jammer_gain 1,Inteference Efficiency,Target UE Iperf3 Measured Throughput 2,Non-Target UE Iperf3 Measured Throughput 2,FB-AII Estimated Throughput 2,Tset 2,jammer_gain 2,Inteference Efficiency,Target UE Iperf3 Measured Throughput 3,Non-Target UE Iperf3 Measured Throughput 3,FB-AII Estimated Throughput 3,Tset 3,jammer_gain 3,Inteference Efficiency
420,472,68.488922,0,31.5,,499,504,23.581156,0,31.5,,490,501,22.431509,0,31.5,,506,494,117.761181,0,31.5,,495,521,122.318463,0,31.5,,501,502,62.349107,0,31.5,
430,526,76.306778,0,31.5,,464,497,17.555191,0,31.5,,258,500,16.241956,0,31.5,,490,509,132.551694,0,31.5,,500,501,134.528646,0,31.5,,500,496,74.78861,0,31.5,
577,502,70.504183,0,31.5,,200,497,18.282694,0,31.5,,176,497,18.139059,0,31.5,,510,488,131.143261,0,31.5,,502,496,138.882236,0,31.5,,501,503,75.199162,0,31.5,
548,497,73.875765,0,31.5,,188,486,17.116824,0,31.5,,176,502,15.083549,0,31.5,,500,495,130.548259,0,31.5,,494,505,135.46265,0,31.5,,501,498,71.903259,0,31.5,
536,500,19.087927,0,9.5,0.3456878877,189,511,8.78599,0,9.5,0.05256400898,174,503,11.024459,0,9.5,0.02561112647,500,508,135.050111,0,9.5,-0.02840476583,509,489,100.631579,0,9.5,0.2197692006,498,502,81.796815,0,9.5,-0.06242411821
481,503,19.114658,0,9,0.3079443348,201,510,9.259799,0,9,0.04418329851,181,497,10.293226,0,9,0.02693796584,501,494,124.421737,0,9,0.034451965,497,509,100.554059,0,9,0.1963054332,501,491,77.054756,0,9,-0.0289689965
520,494,17.932,0,8.5,0.2803830082,188,498,7.987603,0,8.5,0.04575449018,177,496,9.556396,0,8.5,0.02770138522,498,500,125.882065,0,8.5,0.02338636862,504,501,96.2089,0,8.5,0.1967347837,500,511,77.494723,0,8.5,-0.02802370374
499,492,18.652041,0,8,0.2466753141,195,503,9.125491,0,8,0.03569597331,197,500,8.778528,0,8,0.02816349429,500,506,129.140781,0,8,0.006286973289,499,498,93.159867,0,8,0.1889595907,500,496,78.530589,0,8,-0.02960319571
501,503,18.383425,0,7.5,0.2209189846,191,494,9.828743,0,7.5,0.02901437306,172,506,8.789721,0,7.5,0.02505618057,501,499,121.542147,0,7.5,0.03585397766,498,500,87.453741,0,7.5,0.1911269092,500,493,86.988624,0,7.5,-0.06005591977
500,500,15.936032,0,7,0.2055779304,195,495,9.226222,0,7,0.02799691239,183,494,8.953875,0,7,0.02174890407,499,507,121.286154,0,7,0.03286318866,498,497,82.783826,0,7,0.1869115208,499,506,87.531714,0,7,-0.05545185087
490,506,11.785538,0,6.5,0.1963465378,185,508,9.035952,0,6.5,0.025553961,180,502,8.519239,0,6.5,0.02075817087,501,491,124.406091,0,6.5,0.01942324065,499,496,70.127953,0,6.5,0.2066064528,501,503,80.26916,0,6.5,-0.02645530184
498,499,11.378883,0,6,0.1761401455,193,502,8.989317,0,6,0.022906427,182,504,7.750698,0,6,0.0206667821,497,506,118.511305,0,6,0.0339247457,506,509,65.525158,0,6,0.1971106337,501,500,87.917339,0,6,-0.04513380973
508,500,12.182866,0,5.5,0.1549655559,192,487,7.778679,0,5.5,0.02345635972,199,496,8.256219,0,5.5,0.01714947759,504,497,117.953719,0,5.5,0.03163605414,498,492,63.488125,0,5.5,0.1807918328,495,488,87.178257,0,5.5,-0.03836906022
504,504,9.61982,0,5,0.1438511424,182,497,7.472755,0,5,0.02159038113,177,499,8.472604,0,5,0.01480006232,499,504,119.840234,0,5,0.02397228192,498,507,62.69278,0,5,0.1629114462,504,511,91.48669,0,5,-0.04384184095
501,502,8.772932,0,4.5,0.1298972293,198,517,8.655413,0,4.5,0.0168827345,176,500,8.550951,0,4.5,0.01303424661,495,499,114.025518,0,4.5,0.03296720246,491,501,58.671708,0,4.5,0.1532180727,490,494,101.677247,0,4.5,-0.05940691622
485,498,9.677647,0,4,0.1141621914,198,480,8.841952,0,4,0.0147150345,186,506,8.375604,0,4,0.01192860048,504,499,115.751884,0,4,0.02631208901,508,490,60.242234,0,4,0.133762917,510,506,91.643637,0,4,-0.03510390774
494,498,8.606912,0,3.5,0.1034441608,200,518,9.021029,0,3.5,0.01283097038,173,498,9.125491,0,3.5,0.009442885564,502,499,112.302988,0,3.5,0.0289168058,489,499,60.718997,0,3.5,0.1184607068,492,500,93.440498,0,3.5,-0.03413422348
524,498,8.752413,0,3,0.09198917973,186,499,8.582662,0,3,0.01205482424,192,476,8.412912,0,3,0.009422525209,500,499,98.961909,0,3,0.04461690527,509,501,59.431562,0,3,0.1073967664,509,496,86.313315,0,3,-0.02035474512
480,495,8.709509,0,2.5,0.08203945567,197,495,10.050725,0,2.5,0.008895691593,169,526,7.603332,0,2.5,0.009417035267,499,494,81.995179,0,2.5,0.06112470623,495,499,62.865299,0,2.5,0.09139465,498,502,76.003898,0,2.5,-0.005162398642
513,511,10.12534,0,2,0.07152915332,196,506,8.459547,0,2,0.009713624558,178,496,8.293527,0,2,0.007618529989,499,498,78.449795,0,2,0.05845543805,501,509,54.672183,0,2,0.09064839491,503,501,73.320861,0,2,-0.001590575605
503,487,8.521104,0,1.5,0.065354661,189,483,8.778528,0,1.5,0.008338296,182,507,8.338296,0,1.5,0.006745253,503,511,79.117221,0,1.5,0.051431038,507,505,56.848105,0,1.5,0.078614545,495,502,68.093244,0,1.5,0.003810015
501,508,8.224507,0,1,0.05851174528,186,519,8.979991,0,1,0.007251960045,166,497,9.791435,0,1,0.004716601567,498,502,79.434938,0,1,0.04555479529,492,490,53.511728,0,1,0.07303883611,503,486,70.646472,0,1,0.001120112593
500,503,8.767336,0,0.5,0.05171746347,190,497,8.170411,0,0.5,0.007106388445,171,490,8.228238,0,0.5,0.005445367085,499,488,74.574921,0,0.5,0.04446120277,506,507,49.113718,0,0.5,0.06858939473,499,509,68.989483,0,0.5,0.002314494546
500,501,9.181453,0,0,0.04580006545,201,482,8.386796,0,0,0.00618038652,174,511,7.651832,0,0,0.005261252721,500,506,70.2721,0,0,0.04267225266,496,494,44.983309,0,0,0.06405446803,501,499,73.719485,0,0,-0.00128578954
501,500,9.017298,0,0,0.04591627829,190,513,8.170411,0,0,0.006333575369,183,478,7.799198,0,0,0.005156925582,495,495,73.309153,0,0,0.04052218379,497,505,40.921482,0,0,0.06693002134,498,503,73.89649,0,0,-0.001411099484
489,476,8.793451,0,0,0.04607474983,188,508,9.112433,0,0,0.005666674865,176,520,9.192645,0,0,0.004170440653,495,511,70.895155,0,0,0.0422311635,500,498,40.288618,0,0,0.06737805474,501,492,68.660383,0,0,0.002295780393
500,501,9.011702,0,0,0.04592023996,206,482,,,,,179,495,8.373739,0,0,0.004750181704,510,489,71.206592,0,0,0.04201068299,510,498,39.020743,0,0,0.0682756415,502,499,72.802564,0,0,-0.0006366591836
501,521,,,,,189,502,,,,,179,495,,,,,486,509,69.736836,0,0,0.04305119056,493,505,46.821063,0,0,0.06275343784,490,512,72.802298,0,0,-0.00063647087
494,497,,,,,186,518,,,,,185,510,,,,,506,502,76.218399,0,0,0.03846259535,506,501,,,,,504,493,,,,
487,493,,,,,200,486,,,,,176,495,,,,,509,500,70.343693,0,0,0.0426215687,491,496,,,,,507,505,,,,
528,514,,,,,197,500,,,,,183,497,,,,,498,498,71.999998,0,0,0.04144899456,508,502,,,,,498,492,,,,
497,481,,,,,191,512,,,,,178,512,,,,,494,502,68.768959,0,0,0.043736395,494,499,,,,,492,495,,,,
494,514,,,,,187,497,,,,,175,476,,,,,491,499,,,,,493,493,,,,,509,515,,,,
507,503,,,,,196,501,,,,,186,522,,,,,514,501,,,,,514,502,,,,,490,488,,,,
502,493,,,,,179,500,,,,,174,496,,,,,502,480,,,,,501,506,,,,,509,497,,,,
485,503,,,,,197,496,,,,,190,495,,,,,498,519,,,,,499,499,,,,,500,511,,,,
507,502,,,,,193,506,,,,,175,493,,,,,497,497,,,,,500,507,,,,,501,504,,,,
511,505,,,,,205,494,,,,,180,516,,,,,504,505,,,,,496,497,,,,,500,487,,,,
489,499,,,,,198,503,,,,,181,496,,,,,498,489,,,,,497,500,,,,,500,509,,,,
507,486,,,,,194,501,,,,,180,502,,,,,490,509,,,,,488,498,,,,,490,500,,,,
495,510,,,,,189,502,,,,,185,496,,,,,510,497,,,,,517,491,,,,,514,502,,,,
508,503,,,,,182,489,,,,,186,496,,,,,498,506,,,,,502,509,,,,,497,500,,,,
498,497,,,,,185,512,,,,,176,499,,,,,502,499,,,,,484,487,,,,,500,493,,,,
502,500,,,,,183,499,,,,,174,510,,,,,498,484,,,,,508,514,,,,,499,502,,,,
498,501,,,,,191,500,,,,,177,501,,,,,488,515,,,,,490,488,,,,,501,505,,,,
499,504,,,,,164,499,,,,,179,498,,,,,503,493,,,,,512,510,,,,,499,496,,,,
491,500,,,,,137,501,,,,,173,498,,,,,511,497,,,,,503,493,,,,,503,503,,,,
329,490,,,,,135,497,,,,,151,503,,,,,503,504,,,,,500,508,,,,,498,500,,,,
235,510,,,,,132,501,,,,,147,499,,,,,499,507,,,,,500,500,,,,,501,499,,,,
190,501,,,,,134,495,,,,,140,496,,,,,497,490,,,,,496,495,,,,,500,487,,,,
187,501,,,,,125,504,,,,,137,506,,,,,494,508,,,,,502,504,,,,,499,510,,,,
192,492,,,,,122,492,,,,,146,496,,,,,502,498,,,,,497,494,,,,,502,505,,,,
187,507,,,,,137,511,,,,,147,493,,,,,503,498,,,,,501,504,,,,,498,486,,,,
186,500,,,,,132,497,,,,,137,511,,,,,492,501,,,,,496,500,,,,,500,499,,,,
201,489,,,,,117,501,,,,,147,497,,,,,514,497,,,,,507,502,,,,,498,512,,,,
189,512,,,,,136,502,,,,,134,503,,,,,491,507,,,,,495,493,,,,,504,500,,,,
192,488,,,,,133,496,,,,,138,502,,,,,504,490,,,,,497,501,,,,,497,496,,,,
201,509,,,,,126,498,,,,,144,494,,,,,504,498,,,,,505,503,,,,,502,508,,,,
192,502,,,,,134,495,,,,,140,485,,,,,488,507,,,,,494,497,,,,,500,493,,,,
195,497,,,,,132,504,,,,,136,517,,,,,502,505,,,,,512,506,,,,,500,506,,,,
196,499,,,,,132,495,,,,,142,502,,,,,511,499,,,,,495,493,,,,,501,501,,,,
198,503,,,,,141,509,,,,,135,502,,,,,493,501,,,,,490,508,,,,,500,491,,,,
197,496,,,,,118,491,,,,,140,493,,,,,492,489,,,,,505,494,,,,,499,496,,,,
187,507,,,,,115,505,,,,,134,505,,,,,509,506,,,,,509,494,,,,,491,498,,,,
194,493,,,,,119,499,,,,,151,495,,,,,505,503,,,,,501,511,,,,,508,514,,,,
180,507,,,,,116,503,,,,,137,498,,,,,500,500,,,,,497,499,,,,,492,500,,,,
174,490,,,,,122,504,,,,,146,504,,,,,488,487,,,,,502,500,,,,,508,498,,,,
181,507,,,,,128,485,,,,,142,498,,,,,509,503,,,,,501,491,,,,,499,497,,,,
183,476,,,,,120,515,,,,,136,505,,,,,495,506,,,,,481,508,,,,,472,506,,,,
196,511,,,,,127,499,,,,,137,503,,,,,493,504,,,,,518,489,,,,,528,492,,,,
185,508,,,,,158,501,,,,,109,492,,,,,500,488,,,,,492,505,,,,,485,510,,,,
190,497,,,,,140,499,,,,,133,505,,,,,515,508,,,,,507,504,,,,,514,497,,,,
196,507,,,,,120,503,,,,,118,497,,,,,492,505,,,,,501,503,,,,,500,500,,,,
199,502,,,,,118,498,,,,,135,498,,,,,501,497,,,,,491,490,,,,,501,500,,,,
194,496,,,,,134,500,,,,,122,498,,,,,488,493,,,,,508,509,,,,,497,497,,,,
182,505,,,,,131,499,,,,,129,503,,,,,451,509,,,,,495,497,,,,,505,504,,,,
192,493,,,,,113,502,,,,,116,501,,,,,534,489,,,,,496,493,,,,,500,498,,,,
191,505,,,,,131,499,,,,,145,505,,,,,499,513,,,,,510,510,,,,,493,503,,,,
194,499,,,,,137,501,,,,,136,494,,,,,442,485,,,,,486,501,,,,,507,491,,,,
186,503,,,,,124,498,,,,,130,495,,,,,428,512,,,,,513,503,,,,,493,508,,,,
193,499,,,,,134,502,,,,,126,506,,,,,493,503,,,,,497,497,,,,,507,500,,,,
196,488,,,,,140,495,,,,,120,492,,,,,476,498,,,,,496,497,,,,,501,490,,,,
195,512,,,,,129,495,,,,,125,499,,,,,455,494,,,,,503,504,,,,,499,509,,,,
187,500,,,,,132,509,,,,,125,503,,,,,433,505,,,,,501,497,,,,,500,499,,,,
195,500,,,,,130,502,,,,,126,510,,,,,449,503,,,,,498,493,,,,,491,495,,,,
183,498,,,,,136,500,,,,,121,499,,,,,442,498,,,,,504,510,,,,,507,506,,,,
179,505,,,,,125,494,,,,,118,496,,,,,449,497,,,,,492,498,,,,,500,501,,,,
195,497,,,,,137,488,,,,,133,503,,,,,421,500,,,,,508,495,,,,,502,501,,,,
191,501,,,,,122,517,,,,,130,500,,,,,404,501,,,,,499,498,,,,,501,488,,,,
187,502,,,,,134,499,,,,,125,496,,,,,404,503,,,,,501,506,,,,,498,506,,,,
180,491,,,,,142,502,,,,,127,502,,,,,408,489,,,,,502,503,,,,,497,501,,,,
181,506,,,,,128,496,,,,,114,499,,,,,405,511,,,,,483,493,,,,,504,502,,,,
185,489,,,,,132,502,,,,,136,500,,,,,416,498,,,,,510,508,,,,,499,501,,,,
192,515,,,,,116,489,,,,,134,489,,,,,355,491,,,,,501,501,,,,,503,499,,,,
185,494,,,,,138,499,,,,,124,511,,,,,419,509,,,,,502,498,,,,,495,501,,,,
176,501,,,,,137,502,,,,,120,499,,,,,400,487,,,,,499,495,,,,,497,501,,,,
183,494,,,,,124,509,,,,,129,506,,,,,470,509,,,,,503,506,,,,,498,497,,,,
201,508,,,,,116,501,,,,,114,500,,,,,336,496,,,,,486,494,,,,,508,495,,,,
172,493,,,,,135,487,,,,,120,497,,,,,448,498,,,,,517,505,,,,,500,500,,,,
190,499,,,,,131,505,,,,,126,502,,,,,373,508,,,,,496,497,,,,,500,507,,,,
192,501,,,,,131,510,,,,,132,499,,,,,320,496,,,,,490,497,,,,,495,496,,,,
183,505,,,,,110,488,,,,,124,498,,,,,363,501,,,,,511,506,,,,,498,505,,,,
172,500,,,,,123,509,,,,,134,496,,,,,368,505,,,,,484,501,,,,,507,498,,,,
176,503,,,,,152,494,,,,,137,508,,,,,410,498,,,,,517,499,,,,,499,497,,,,
168,487,,,,,113,503,,,,,118,489,,,,,367,502,,,,,499,493,,,,,492,505,,,,
162,498,,,,,125,499,,,,,129,511,,,,,313,501,,,,,493,506,,,,,510,493,,,,
179,513,,,,,124,505,,,,,119,494,,,,,354,499,,,,,503,500,,,,,500,502,,,,
164,495,,,,,153,495,,,,,128,506,,,,,368,501,,,,,503,496,,,,,500,504,,,,
184,501,,,,,122,494,,,,,120,500,,,,,358,488,,,,,496,495,,,,,499,494,,,,
171,505,,,,,130,508,,,,,133,490,,,,,314,512,,,,,496,511,,,,,501,506,,,,
177,498,,,,,114,499,,,,,134,502,,,,,352,494,,,,,499,492,,,,,501,500,,,,
182,500,,,,,127,504,,,,,123,499,,,,,327,505,,,,,490,497,,,,,501,496,,,,
179,497,,,,,138,499,,,,,124,511,,,,,382,492,,,,,517,503,,,,,501,474,,,,
159,504,,,,,125,490,,,,,138,499,,,,,371,506,,,,,482,508,,,,,497,517,,,,
147,500,,,,,142,512,,,,,114,495,,,,,370,498,,,,,517,499,,,,,495,508,,,,
144,499,,,,,127,492,,,,,135,505,,,,,364,505,,,,,496,501,,,,,506,505,,,,
148,482,,,,,127,501,,,,,134,499,,,,,309,500,,,,,474,496,,,,,501,492,,,,
158,520,,,,,123,495,,,,,129,488,,,,,354,495,,,,,505,497,,,,,493,510,,,,
155,494,,,,,123,510,,,,,117,501,,,,,360,502,,,,,508,507,,,,,503,488,,,,
131,505,,,,,126,497,,,,,114,501,,,,,344,502,,,,,514,496,,,,,493,512,,,,
159,493,,,,,149,506,,,,,119,499,,,,,315,492,,,,,494,492,,,,,501,500,,,,
149,505,,,,,121,493,,,,,132,500,,,,,338,510,,,,,507,510,,,,,505,498,,,,
148,502,,,,,123,505,,,,,117,505,,,,,316,488,,,,,444,490,,,,,503,503,,,,
156,499,,,,,124,500,,,,,116,507,,,,,349,512,,,,,446,509,,,,,503,496,,,,
153,493,,,,,141,502,,,,,131,497,,,,,364,499,,,,,465,492,,,,,493,498,,,,
136,499,,,,,142,499,,,,,130,490,,,,,284,490,,,,,484,509,,,,,495,500,,,,
147,507,,,,,139,500,,,,,110,506,,,,,320,508,,,,,463,493,,,,,507,502,,,,
153,502,,,,,117,501,,,,,127,501,,,,,301,503,,,,,460,496,,,,,502,502,,,,
145,489,,,,,128,499,,,,,129,497,,,,,329,499,,,,,451,510,,,,,498,494,,,,
141,502,,,,,123,499,,,,,134,500,,,,,295,497,,,,,460,502,,,,,497,497,,,,
153,508,,,,,132,502,,,,,121,501,,,,,332,499,,,,,478,496,,,,,504,507,,,,
146,495,,,,,126,496,,,,,137,501,,,,,332,501,,,,,462,496,,,,,492,503,,,,
141,497,,,,,143,493,,,,,131,503,,,,,364,498,,,,,434,506,,,,,505,500,,,,
142,503,,,,,131,509,,,,,122,500,,,,,296,508,,,,,405,492,,,,,501,500,,,,
145,507,,,,,132,502,,,,,139,499,,,,,313,492,,,,,414,496,,,,,502,482,,,,
132,488,,,,,145,494,,,,,118,487,,,,,327,493,,,,,428,513,,,,,488,512,,,,
144,505,,,,,123,505,,,,,131,515,,,,,304,510,,,,,424,484,,,,,512,501,,,,
138,492,,,,,137,499,,,,,118,498,,,,,327,498,,,,,414,515,,,,,491,502,,,,
154,512,,,,,139,502,,,,,122,497,,,,,313,502,,,,,404,502,,,,,508,495,,,,
146,501,,,,,125,494,,,,,124,505,,,,,314,499,,,,,410,495,,,,,503,508,,,,
138,490,,,,,130,495,,,,,116,499,,,,,304,503,,,,,409,499,,,,,496,498,,,,
131,508,,,,,126,505,,,,,126,499,,,,,333,501,,,,,430,505,,,,,501,490,,,,
147,497,,,,,120,506,,,,,125,499,,,,,321,491,,,,,385,492,,,,,502,510,,,,
149,506,,,,,135,494,,,,,112,502,,,,,321,509,,,,,473,495,,,,,501,498,,,,
130,493,,,,,134,500,,,,,114,503,,,,,325,496,,,,,355,510,,,,,498,498,,,,
140,506,,,,,130,507,,,,,127,498,,,,,313,506,,,,,471,496,,,,,494,505,,,,
136,500,,,,,139,499,,,,,139,468,,,,,305,488,,,,,375,505,,,,,505,497,,,,
130,503,,,,,128,499,,,,,132,531,,,,,317,513,,,,,468,501,,,,,504,501,,,,
141,493,,,,,134,499,,,,,123,491,,,,,311,490,,,,,392,497,,,,,498,484,,,,
152,507,,,,,134,501,,,,,126,507,,,,,296,509,,,,,458,493,,,,,499,519,,,,
129,493,,,,,136,496,,,,,121,498,,,,,305,477,,,,,363,507,,,,,498,493,,,,
122,494,,,,,147,501,,,,,141,507,,,,,397,524,,,,,481,499,,,,,495,497,,,,
127,511,,,,,141,503,,,,,134,499,,,,,363,488,,,,,390,505,,,,,501,485,,,,
133,499,,,,,126,496,,,,,118,499,,,,,318,510,,,,,481,498,,,,,505,525,,,,
137,499,,,,,125,506,,,,,120,494,,,,,303,492,,,,,364,503,,,,,502,492,,,,
134,502,,,,,129,495,,,,,129,495,,,,,323,510,,,,,416,491,,,,,497,501,,,,
123,488,,,,,138,503,,,,,117,505,,,,,304,499,,,,,395,506,,,,,501,508,,,,
140,502,,,,,134,501,,,,,147,497,,,,,330,494,,,,,424,494,,,,,495,497,,,,
136,504,,,,,138,499,,,,,125,499,,,,,328,494,,,,,410,500,,,,,498,502,,,,
141,501,,,,,119,501,,,,,118,513,,,,,327,512,,,,,384,501,,,,,494,500,,,,
126,497,,,,,136,499,,,,,109,497,,,,,320,493,,,,,472,500,,,,,514,498,,,,
135,498,,,,,108,492,,,,,117,492,,,,,309,505,,,,,396,498,,,,,494,500,,,,
126,507,,,,,137,508,,,,,134,499,,,,,317,489,,,,,459,506,,,,,507,490,,,,
122,492,,,,,113,501,,,,,96.2,509,,,,,318,502,,,,,408,501,,,,,493,510,,,,
121,502,,,,,145,482,,,,,124,499,,,,,315,502,,,,,391,503,,,,,503,501,,,,
143,494,,,,,112,514,,,,,124,496,,,,,317,507,,,,,416,497,,,,,492,501,,,,
133,502,,,,,134,503,,,,,139,500,,,,,328,495,,,,,369,500,,,,,508,496,,,,
114,499,,,,,124,499,,,,,125,500,,,,,316,490,,,,,465,501,,,,,496,502,,,,
128,500,,,,,128,497,,,,,124,507,,,,,332,507,,,,,405,496,,,,,508,496,,,,
117,504,,,,,122,505,,,,,133,488,,,,,305,501,,,,,439,497,,,,,492,502,,,,
128,509,,,,,128,501,,,,,114,506,,,,,336,506,,,,,395,500,,,,,499,496,,,,
129,489,,,,,140,493,,,,,112,494,,,,,309,497,,,,,386,500,,,,,509,506,,,,
106,510,,,,,119,491,,,,,110,508,,,,,,,,,,,446,506,,,,,499,495,,,,
128,500,,,,,126,516,,,,,136,491,,,,,,,,,,,381,496,,,,,501,506,,,,
118,500,,,,,128,489,,,,,114,500,,,,,,,,,,,484,505,,,,,497,498,,,,
129,502,,,,,129,511,,,,,119,513,,,,,,,,,,,389,492,,,,,490,501,,,,
131,485,,,,,128,500,,,,,124,499,,,,,,,,,,,421,498,,,,,513,501,,,,
131,501,,,,,130,500,,,,,133,494,,,,,,,,,,,417,502,,,,,489,483,,,,
139,502,,,,,151,499,,,,,127,504,,,,,,,,,,,385,507,,,,,479,510,,,,
131,496,,,,,126,501,,,,,117,502,,,,,,,,,,,479,495,,,,,533,509,,,,
131,502,,,,,118,500,,,,,122,499,,,,,,,,,,,367,493,,,,,493,492,,,,
132,508,,,,,128,494,,,,,130,498,,,,,,,,,,,412,513,,,,,493,504,,,,
120,493,,,,,133,502,,,,,119,493,,,,,,,,,,,380,503,,,,,509,496,,,,
124,509,,,,,131,496,,,,,121,510,,,,,,,,,,,440,498,,,,,498,497,,,,
144,481,,,,,130,501,,,,,121,494,,,,,,,,,,,393,497,,,,,497,506,,,,
114,508,,,,,132,506,,,,,134,506,,,,,,,,,,,373,500,,,,,504,498,,,,
112,513,,,,,125,489,,,,,128,487,,,,,,,,,,,460,497,,,,,504,490,,,,
125,499,,,,,126,510,,,,,122,514,,,,,,,,,,,352,506,,,,,499,509,,,,
113,496,,,,,130,500,,,,,128,493,,,,,,,,,,,474,494,,,,,502,493,,,,
128,498,,,,,130,502,,,,,131,506,,,,,,,,,,,376,507,,,,,494,512,,,,
122,498,,,,,112,501,,,,,130,483,,,,,,,,,,,447,495,,,,,484,496,,,,
125,506,,,,,138,495,,,,,129,507,,,,,,,,,,,407,493,,,,,441,502,,,,
122,489,,,,,126,501,,,,,123,505,,,,,,,,,,,398,498,,,,,454,496,,,,
130,515,,,,,117,501,,,,,120,500,,,,,,,,,,,444,512,,,,,457,504,,,,
128,498,,,,,151,499,,,,,124,494,,,,,,,,,,,317,501,,,,,466,499,,,,
124,490,,,,,108,484,,,,,118,508,,,,,,,,,,,464,499,,,,,455,504,,,,
126,500,,,,,138,512,,,,,121,500,,,,,,,,,,,311,502,,,,,475,495,,,,
128,511,,,,,132,498,,,,,113,503,,,,,,,,,,,455,486,,,,,457,503,,,,
132,499,,,,,132,510,,,,,121,491,,,,,,,,,,,317,514,,,,,478,502,,,,
119,503,,,,,131,492,,,,,122,507,,,,,,,,,,,459,497,,,,,472,501,,,,
133,488,,,,,129,507,,,,,123,488,,,,,,,,,,,326,504,,,,,467,499,,,,
120,512,,,,,142,501,,,,,122,513,,,,,,,,,,,461,499,,,,,466,499,,,,
126,500,,,,,127,500,,,,,126,501,,,,,,,,,,,324,496,,,,,452,498,,,,
118,497,,,,,140,499,,,,,128,497,,,,,,,,,,,451,499,,,,,457,506,,,,
134,497,,,,,146,490,,,,,136,483,,,,,,,,,,,426,502,,,,,457,496,,,,
125,497,,,,,113,500,,,,,127,514,,,,,,,,,,,414,504,,,,,457,496,,,,
114,495,,,,,138,509,,,,,131,499,,,,,,,,,,,386,502,,,,,472,500,,,,
137,514,,,,,121,503,,,,,117,495,,,,,,,,,,,329,492,,,,,413,506,,,,
132,491,,,,,132,495,,,,,121,499,,,,,,,,,,,429,508,,,,,439,488,,,,
111,504,,,,,138,501,,,,,124,502,,,,,,,,,,,392,490,,,,,430,511,,,,
125,500,,,,,130,503,,,,,117,507,,,,,,,,,,,419,511,,,,,432,496,,,,
134,498,,,,,123,500,,,,,133,491,,,,,,,,,,,429,498,,,,,423,492,,,,
121,495,,,,,135,490,,,,,129,510,,,,,,,,,,,424,489,,,,,403,512,,,,
132,512,,,,,134,511,,,,,131,487,,,,,,,,,,,412,511,,,,,428,488,,,,
129,499,,,,,128,492,,,,,140,509,,,,,,,,,,,401,489,,,,,419,506,,,,
126,501,,,,,116,505,,,,,114,503,,,,,,,,,,,384,510,,,,,425,490,,,,
143,501,,,,,128,501,,,,,122,497,,,,,,,,,,,390,501,,,,,399,513,,,,
116,492,,,,,121,501,,,,,126,505,,,,,,,,,,,397,494,,,,,437,492,,,,
124,508,,,,,135,490,,,,,118,485,,,,,,,,,,,397,504,,,,,432,508,,,,
124,489,,,,,119,512,,,,,129,513,,,,,,,,,,,382,498,,,,,388,489,,,,
136,505,,,,,112,488,,,,,127,489,,,,,,,,,,,392,498,,,,,391,513,,,,
113,494,,,,,132,508,,,,,104,510,,,,,,,,,,,382,498,,,,,473,500,,,,
118,513,,,,,118,495,,,,,129,498,,,,,,,,,,,385,499,,,,,408,494,,,,
144,494,,,,,135,501,,,,,109,485,,,,,,,,,,,401,505,,,,,458,499,,,,
110,502,,,,,115,491,,,,,116,514,,,,,,,,,,,350,492,,,,,403,505,,,,
129,497,,,,,117,507,,,,,108,501,,,,,,,,,,,362,499,,,,,387,491,,,,
125,506,,,,,122,505,,,,,128,501,,,,,,,,,,,360,507,,,,,425,505,,,,
142,503,,,,,126,495,,,,,126,503,,,,,,,,,,,367,502,,,,,391,490,,,,
113,492,,,,,140,506,,,,,130,500,,,,,,,,,,,360,502,,,,,418,515,,,,
138,493,,,,,127,499,,,,,127,490,,,,,,,,,,,362,485,,,,,401,492,,,,
116,512,,,,,122,495,,,,,119,487,,,,,,,,,,,380,515,,,,,417,504,,,,
124,492,,,,,138,500,,,,,127,522,,,,,,,,,,,346,489,,,,,391,494,,,,
142,480,,,,,119,508,,,,,113,498,,,,,,,,,,,360,509,,,,,400,512,,,,
120,521,,,,,126,482,,,,,129,502,,,,,,,,,,,372,491,,,,,422,501,,,,
116,509,,,,,107,518,,,,,114,497,,,,,,,,,,,374,511,,,,,370,495,,,,
132,495,,,,,120,497,,,,,127,504,,,,,,,,,,,330,499,,,,,365,492,,,,
126,495,,,,,123,483,,,,,119,504,,,,,,,,,,,347,498,,,,,346,510,,,,
140,506,,,,,130,510,,,,,131,497,,,,,,,,,,,321,501,,,,,329,490,,,,
113,487,,,,,105,508,,,,,113,499,,,,,,,,,,,312,500,,,,,366,507,,,,
129,507,,,,,137,493,,,,,113,493,,,,,,,,,,,311,494,,,,,363,505,,,,
125,499,,,,,125,509,,,,,140,507,,,,,,,,,,,332,505,,,,,368,499,,,,
128,499,,,,,120,499,,,,,96.9,499,,,,,,,,,,,334,504,,,,,366,485,,,,
126,510,,,,,126,498,,,,,114,497,,,,,,,,,,,332,498,,,,,367,513,,,,
123,499,,,,,129,498,,,,,126,485,,,,,,,,,,,349,497,,,,,358,491,,,,
136,482,,,,,136,503,,,,,122,519,,,,,,,,,,,329,503,,,,,321,510,,,,
143,504,,,,,124,501,,,,,125,491,,,,,,,,,,,338,501,,,,,362,489,,,,
110,501,,,,,124,485,,,,,128,508,,,,,,,,,,,324,489,,,,,368,508,,,,
127,510,,,,,120,515,,,,,125,502,,,,,,,,,,,303,507,,,,,360,495,,,,
131,492,,,,,136,500,,,,,115,502,,,,,,,,,,,341,503,,,,,367,508,,,,
125,509,,,,,121,501,,,,,114,499,,,,,,,,,,,326,500,,,,,422,501,,,,
138,493,,,,,108,500,,,,,129,495,,,,,,,,,,,315,490,,,,,342,494,,,,
125,484,,,,,124,501,,,,,114,499,,,,,,,,,,,345,509,,,,,334,505,,,,
114,517,,,,,137,502,,,,,127,503,,,,,,,,,,,312,502,,,,,321,501,,,,
122,501,,,,,114,496,,,,,125,501,,,,,,,,,,,368,500,,,,,314,492,,,,
135,477,,,,,122,495,,,,,121,497,,,,,,,,,,,322,499,,,,,347,493,,,,
134,527,,,,,116,505,,,,,135,495,,,,,,,,,,,310,501,,,,,323,514,,,,
126,489,,,,,125,502,,,,,127,511,,,,,,,,,,,302,501,,,,,346,501,,,,
127,515,,,,,122,498,,,,,126,498,,,,,,,,,,,304,493,,,,,340,497,,,,
127,497,,,,,129,481,,,,,121,501,,,,,,,,,,,299,501,,,,,349,497,,,,
127,499,,,,,112,518,,,,,141,463,,,,,,,,,,,306,499,,,,,361,505,,,,
120,493,,,,,128,492,,,,,123,529,,,,,,,,,,,291,497,,,,,423,484,,,,
118,492,,,,,112,496,,,,,124,498,,,,,,,,,,,316,509,,,,,424,515,,,,
142,515,,,,,131,514,,,,,122,510,,,,,,,,,,,300,500,,,,,335,495,,,,
121,499,,,,,119,494,,,,,119,496,,,,,,,,,,,304,493,,,,,336,503,,,,
127,493,,,,,131,496,,,,,120,501,,,,,,,,,,,302,510,,,,,360,500,,,,
111,501,,,,,117,501,,,,,109,497,,,,,,,,,,,340,499,,,,,349,504,,,,
121,505,,,,,128,510,,,,,129,497,,,,,,,,,,,342,490,,,,,336,501,,,,
119,502,,,,,145,498,,,,,122,510,,,,,,,,,,,320,499,,,,,351,498,,,,
116,497,,,,,120,499,,,,,106,500,,,,,,,,,,,347,506,,,,,387,496,,,,
126,503,,,,,120,498,,,,,116,500,,,,,,,,,,,338,504,,,,,388,491,,,,
125,493,,,,,139,505,,,,,139,498,,,,,,,,,,,307,500,,,,,370,512,,,,
125,509,,,,,135,500,,,,,115,499,,,,,,,,,,,313,491,,,,,362,489,,,,
135,494,,,,,136,478,,,,,95.5,504,,,,,,,,,,,302,508,,,,,313,512,,,,
132,502,,,,,120,521,,,,,110,499,,,,,,,,,,,311,488,,,,,335,501,,,,
123,505,,,,,112,496,,,,,125,499,,,,,,,,,,,304,512,,,,,308,485,,,,
136,499,,,,,123,492,,,,,128,501,,,,,,,,,,,315,500,,,,,360,515,,,,
118,495,,,,,122,511,,,,,121,499,,,,,,,,,,,324,500,,,,,401,501,,,,
128,494,,,,,127,502,,,,,123,496,,,,,,,,,,,344,499,,,,,379,489,,,,
134,509,,,,,127,501,,,,,114,499,,,,,,,,,,,324,500,,,,,323,509,,,,
124,496,,,,,120,499,,,,,122,498,,,,,,,,,,,342,500,,,,,323,500,,,,
133,504,,,,,130,502,,,,,119,507,,,,,,,,,,,327,497,,,,,332,502,,,,
132,489,,,,,,,,,,,118,499,,,,,,,,,,,323,495,,,,,359,499,,,,
140,512,,,,,,,,,,,97.3,491,,,,,,,,,,,324,505,,,,,385,497,,,,
124,494,,,,,,,,,,,128,498,,,,,,,,,,,348,503,,,,,349,498,,,,
124,504,,,,,,,,,,,110,515,,,,,,,,,,,336,498,,,,,364,501,,,,
126,493,,,,,,,,,,,129,498,,,,,,,,,,,309,501,,,,,376,504,,,,
138,501,,,,,,,,,,,108,487,,,,,,,,,,,350,500,,,,,399,491,,,,
125,506,,,,,,,,,,,124,511,,,,,,,,,,,321,497,,,,,387,497,,,,
117,485,,,,,,,,,,,113,486,,,,,,,,,,,335,496,,,,,364,514,,,,
132,511,,,,,,,,,,,121,515,,,,,,,,,,,,,,,,,385,487,,,,
118,497,,,,,,,,,,,126,495,,,,,,,,,,,,,,,,,396,510,,,,
105,504,,,,,,,,,,,124,499,,,,,,,,,,,,,,,,,389,502,,,,
129,503,,,,,,,,,,,132,500,,,,,,,,,,,,,,,,,390,499,,,,
130,497,,,,,,,,,,,123,495,,,,,,,,,,,,,,,,,365,495,,,,
121,504,,,,,,,,,,,105,507,,,,,,,,,,,,,,,,,385,504,,,,
137,496,,,,,,,,,,,124,505,,,,,,,,,,,,,,,,,402,495,,,,
123,497,,,,,,,,,,,123,498,,,,,,,,,,,,,,,,,395,506,,,,
142,507,,,,,,,,,,,136,503,,,,,,,,,,,,,,,,,388,494,,,,
115,499,,,,,,,,,,,,,,,,,,,,,,,,,,,,,365,494,,,,
129,500,,,,,,,,,,,,,,,,,,,,,,,,,,,,,393,513,,,,
120,490,,,,,,,,,,,,,,,,,,,,,,,,,,,,,388,492,,,,
133,502,,,,,,,,,,,,,,,,,,,,,,,,,,,,,380,507,,,,
127,510,,,,,,,,,,,,,,,,,,,,,,,,,,,,,379,494,,,,
111,500,,,,,,,,,,,,,,,,,,,,,,,,,,,,,372,507,,,,
129,492,,,,,,,,,,,,,,,,,,,,,,,,,,,,,395,500,,,,
222,,,,,,,,,,,,,,,,,,,,,,,,,,,,,,394,496,,,,
310,,,,,,,,,,,,,,,,,,,,,,,,,,,,,,384,500,,,,
,,,,,,,,,,,,,,,,,,,,,,,,,,,,,,374,502,,,,
,,,,,,,,,,,,,,,,,,,,,,,,,,,,,,374,491,,,,
,,,,,,,,,,,,,,,,,,,,,,,,,,,,,,389,499,,,,
,,,,,,,,,,,,,,,,,,,,,,,,,,,,,,394,509,,,,
,,,,,,,,,,,,,,,,,,,,,,,,,,,,,,388,501,,,,
,,,,,,,,,,,,,,,,,,,,,,,,,,,,,,370,499,,,,
,,,,,,,,,,,,,,,,,,,,,,,,,,,,,,374,502,,,,
,,,,,,,,,,,,,,,,,,,,,,,,,,,,,,394,498,,,,
,,,,,,,,,,,,,,,,,,,,,,,,,,,,,,391,496,,,,
,,,,,,,,,,,,,,,,,,,,,,,,,,,,,,382,495,,,,
,,,,,,,,,,,,,,,,,,,,,,,,,,,,,,360,508,,,,
,,,,,,,,,,,,,,,,,,,,,,,,,,,,,,377,503,,,,
,,,,,,,,,,,,,,,,,,,,,,,,,,,,,,404,498,,,,
,,,,,,,,,,,,,,,,,,,,,,,,,,,,,,389,487,,,,
,,,,,,,,,,,,,,,,,,,,,,,,,,,,,,394,515,,,,
,,,,,,,,,,,,,,,,,,,,,,,,,,,,,,378,495,,,,
,,,,,,,,,,,,,,,,,,,,,,,,,,,,,,386,506,,,,
,,,,,,,,,,,,,,,,,,,,,,,,,,,,,,387,500,,,,
,,,,,,,,,,,,,,,,,,,,,,,,,,,,,,405,496,,,,
,,,,,,,,,,,,,,,,,,,,,,,,,,,,,,389,503,,,,
,,,,,,,,,,,,,,,,,,,,,,,,,,,,,,371,504,,,,
,,,,,,,,,,,,,,,,,,,,,,,,,,,,,,377,492,,,,
,,,,,,,,,,,,,,,,,,,,,,,,,,,,,,392,493,,,,
,,,,,,,,,,,,,,,,,,,,,,,,,,,,,,395,511,,,,
,,,,,,,,,,,,,,,,,,,,,,,,,,,,,,392,491,,,,
,,,,,,,,,,,,,,,,,,,,,,,,,,,,,,365,511,,,,
,,,,,,,,,,,,,,,,,,,,,,,,,,,,,,368,498,,,,
,,,,,,,,,,,,,,,,,,,,,,,,,,,,,,396,491,,,,
,,,,,,,,,,,,,,,,,,,,,,,,,,,,,,401,504,,,,
,,,,,,,,,,,,,,,,,,,,,,,,,,,,,,406,506,,,,
,,,,,,,,,,,,,,,,,,,,,,,,,,,,,,393,499,,,,
,,,,,,,,,,,,,,,,,,,,,,,,,,,,,,,,,,,
,,,,,,,,,,,,,,,,,,,,,,,,,,,,,,,,,,,
,,,,,,,,,,,,,,,,,,,,,,,,,,,,,,,,,,,
,,,,,,,,,,,,,,,,,,,,,,,,,,,,,,,,,,,
,,,,,,,,,,,,,,,,,,,,,,,,,,,,,,,,,,,
,,,,,,,,,,,,,,,,,,,,,,,,,,,,,,,,,,,
,,,,,,,,,,,,,,,,,,,,,,,,,,,,,,,,,,,
,,,,,,,,,,,,,,,,,,,,,,,,,,,,,,,,,,,
,,,,,,,,,,,,,,,,,,,,,,,,,,,,,,,,,,,
,,,,,,,,,,,,,,,,,,,,,,,,,,,,,,,,,,,
,,,,,,,,,,,,,,,,,,,,,,,,,,,,,,,,,,,
,,,,,,,,,,,,,,,,,,,,,,,,,,,,,,,,,,,
,,,,,,,,,,,,,,,,,,,,,,,,,,,,,,,,,,,
,,,,,,,,,,,,,,,,,,,,,,,,,,,,,,,,,,,
,,,,,,,,,,,,,,,,,,,,,,,,,,,,,,,,,,,
,,,,,,,,,,,,,,,,,,,,,,,,,,,,,,,,,,,
,,,,,,,,,,,,,,,,,,,,,,,,,,,,,,,,,,,
,,,,,,,,,,,,,,,,,,,,,,,,,,,,,,,,,,,
,,,,,,,,,,,,,,,,,,,,,,,,,,,,,,,,,,,
,,,,,,,,,,,,,,,,,,,,,,,,,,,,,,,,,,,
,,,,,,,,,,,,,,,,,,,,,,,,,,,,,,,,,,,
,,,,,,,,,,,,,,,,,,,,,,,,,,,,,,,,,,,
,,,,,,,,,,,,,,,,,,,,,,,,,,,,,,,,,,,
,,,,,,,,,,,,,,,,,,,,,,,,,,,,,,,,,,,
,,,,,,,,,,,,,,,,,,,,,,,,,,,,,,,,,,,
,,,,,,,,,,,,,,,,,,,,,,,,,,,,,,,,,,,
,,,,,,,,,,,,,,,,,,,,,,,,,,,,,,,,,,,
,,,,,,,,,,,,,,,,,,,,,,,,,,,,,,,,,,,
,,,,,,,,,,,,,,,,,,,,,,,,,,,,,,,,,,,
,,,,,,,,,,,,,,,,,,,,,,,,,,,,,,,,,,,
,,,,,,,,,,,,,,,,,,,,,,,,,,,,,,,,,,,
,,,,,,,,,,,,,,,,,,,,,,,,,,,,,,,,,,,
,,,,,,,,,,,,,,,,,,,,,,,,,,,,,,,,,,,
,,,,,,,,,,,,,,,,,,,,,,,,,,,,,,,,,,,
,,,,,,,,,,,,,,,,,,,,,,,,,,,,,,,,,,,
,,,,,,,,,,,,,,,,,,,,,,,,,,,,,,,,,,,
,,,,,,,,,,,,,,,,,,,,,,,,,,,,,,,,,,,
,,,,,,,,,,,,,,,,,,,,,,,,,,,,,,,,,,,
,,,,,,,,,,,,,,,,,,,,,,,,,,,,,,,,,,,
,,,,,,,,,,,,,,,,,,,,,,,,,,,,,,,,,,,
,,,,,,,,,,,,,,,,,,,,,,,,,,,,,,,,,,,
,,,,,,,,,,,,,,,,,,,,,,,,,,,,,,,,,,,
,,,,,,,,,,,,,,,,,,,,,,,,,,,,,,,,,,,
,,,,,,,,,,,,,,,,,,,,,,,,,,,,,,,,,,,
,,,,,,,,,,,,,,,,,,,,,,,,,,,,,,,,,,,
,,,,,,,,,,,,,,,,,,,,,,,,,,,,,,,,,,,
,,,,,,,,,,,,,,,,,,,,,,,,,,,,,,,,,,,
,,,,,,,,,,,,,,,,,,,,,,,,,,,,,,,,,,,
,,,,,,,,,,,,,,,,,,,,,,,,,,,,,,,,,,,
,,,,,,,,,,,,,,,,,,,,,,,,,,,,,,,,,,,
,,,,,,,,,,,,,,,,,,,,,,,,,,,,,,,,,,,
,,,,,,,,,,,,,,,,,,,,,,,,,,,,,,,,,,,
,,,,,,,,,,,,,,,,,,,,,,,,,,,,,,,,,,,
,,,,,,,,,,,,,,,,,,,,,,,,,,,,,,,,,,,
,,,,,,,,,,,,,,,,,,,,,,,,,,,,,,,,,,,
,,,,,,,,,,,,,,,,,,,,,,,,,,,,,,,,,,,
,,,,,,,,,,,,,,,,,,,,,,,,,,,,,,,,,,,
,,,,,,,,,,,,,,,,,,,,,,,,,,,,,,,,,,,
,,,,,,,,,,,,,,,,,,,,,,,,,,,,,,,,,,,
,,,,,,,,,,,,,,,,,,,,,,,,,,,,,,,,,,,
,,,,,,,,,,,,,,,,,,,,,,,,,,,,,,,,,,,
,,,,,,,,,,,,,,,,,,,,,,,,,,,,,,,,,,,
,,,,,,,,,,,,,,,,,,,,,,,,,,,,,,,,,,,
,,,,,,,,,,,,,,,,,,,,,,,,,,,,,,,,,,,
,,,,,,,,,,,,,,,,,,,,,,,,,,,,,,,,,,,
,,,,,,,,,,,,,,,,,,,,,,,,,,,,,,,,,,,
,,,,,,,,,,,,,,,,,,,,,,,,,,,,,,,,,,,
,,,,,,,,,,,,,,,,,,,,,,,,,,,,,,,,,,,
,,,,,,,,,,,,,,,,,,,,,,,,,,,,,,,,,,,
,,,,,,,,,,,,,,,,,,,,,,,,,,,,,,,,,,,
,,,,,,,,,,,,,,,,,,,,,,,,,,,,,,,,,,,
,,,,,,,,,,,,,,,,,,,,,,,,,,,,,,,,,,,
,,,,,,,,,,,,,,,,,,,,,,,,,,,,,,,,,,,
,,,,,,,,,,,,,,,,,,,,,,,,,,,,,,,,,,,
,,,,,,,,,,,,,,,,,,,,,,,,,,,,,,,,,,,
,,,,,,,,,,,,,,,,,,,,,,,,,,,,,,,,,,,
,,,,,,,,,,,,,,,,,,,,,,,,,,,,,,,,,,,
,,,,,,,,,,,,,,,,,,,,,,,,,,,,,,,,,,,
,,,,,,,,,,,,,,,,,,,,,,,,,,,,,,,,,,,
,,,,,,,,,,,,,,,,,,,,,,,,,,,,,,,,,,,
,,,,,,,,,,,,,,,,,,,,,,,,,,,,,,,,,,,
,,,,,,,,,,,,,,,,,,,,,,,,,,,,,,,,,,,
,,,,,,,,,,,,,,,,,,,,,,,,,,,,,,,,,,,
,,,,,,,,,,,,,,,,,,,,,,,,,,,,,,,,,,,
,,,,,,,,,,,,,,,,,,,,,,,,,,,,,,,,,,,
,,,,,,,,,,,,,,,,,,,,,,,,,,,,,,,,,,,
,,,,,,,,,,,,,,,,,,,,,,,,,,,,,,,,,,,
,,,,,,,,,,,,,,,,,,,,,,,,,,,,,,,,,,,
,,,,,,,,,,,,,,,,,,,,,,,,,,,,,,,,,,,
,,,,,,,,,,,,,,,,,,,,,,,,,,,,,,,,,,,
,,,,,,,,,,,,,,,,,,,,,,,,,,,,,,,,,,,
,,,,,,,,,,,,,,,,,,,,,,,,,,,,,,,,,,,
,,,,,,,,,,,,,,,,,,,,,,,,,,,,,,,,,,,
,,,,,,,,,,,,,,,,,,,,,,,,,,,,,,,,,,,
,,,,,,,,,,,,,,,,,,,,,,,,,,,,,,,,,,,
,,,,,,,,,,,,,,,,,,,,,,,,,,,,,,,,,,,
,,,,,,,,,,,,,,,,,,,,,,,,,,,,,,,,,,,
,,,,,,,,,,,,,,,,,,,,,,,,,,,,,,,,,,,
,,,,,,,,,,,,,,,,,,,,,,,,,,,,,,,,,,,
,,,,,,,,,,,,,,,,,,,,,,,,,,,,,,,,,,,
,,,,,,,,,,,,,,,,,,,,,,,,,,,,,,,,,,,
,,,,,,,,,,,,,,,,,,,,,,,,,,,,,,,,,,,
,,,,,,,,,,,,,,,,,,,,,,,,,,,,,,,,,,,
,,,,,,,,,,,,,,,,,,,,,,,,,,,,,,,,,,,
,,,,,,,,,,,,,,,,,,,,,,,,,,,,,,,,,,,
,,,,,,,,,,,,,,,,,,,,,,,,,,,,,,,,,,,
,,,,,,,,,,,,,,,,,,,,,,,,,,,,,,,,,,,
,,,,,,,,,,,,,,,,,,,,,,,,,,,,,,,,,,,
,,,,,,,,,,,,,,,,,,,,,,,,,,,,,,,,,,,
,,,,,,,,,,,,,,,,,,,,,,,,,,,,,,,,,,,
,,,,,,,,,,,,,,,,,,,,,,,,,,,,,,,,,,,
,,,,,,,,,,,,,,,,,,,,,,,,,,,,,,,,,,,
,,,,,,,,,,,,,,,,,,,,,,,,,,,,,,,,,,,
,,,,,,,,,,,,,,,,,,,,,,,,,,,,,,,,,,,
,,,,,,,,,,,,,,,,,,,,,,,,,,,,,,,,,,,
,,,,,,,,,,,,,,,,,,,,,,,,,,,,,,,,,,,
,,,,,,,,,,,,,,,,,,,,,,,,,,,,,,,,,,,
,,,,,,,,,,,,,,,,,,,,,,,,,,,,,,,,,,,
,,,,,,,,,,,,,,,,,,,,,,,,,,,,,,,,,,,
,,,,,,,,,,,,,,,,,,,,,,,,,,,,,,,,,,,
,,,,,,,,,,,,,,,,,,,,,,,,,,,,,,,,,,,
,,,,,,,,,,,,,,,,,,,,,,,,,,,,,,,,,,,
,,,,,,,,,,,,,,,,,,,,,,,,,,,,,,,,,,,
,,,,,,,,,,,,,,,,,,,,,,,,,,,,,,,,,,,
,,,,,,,,,,,,,,,,,,,,,,,,,,,,,,,,,,,
,,,,,,,,,,,,,,,,,,,,,,,,,,,,,,,,,,,
,,,,,,,,,,,,,,,,,,,,,,,,,,,,,,,,,,,
,,,,,,,,,,,,,,,,,,,,,,,,,,,,,,,,,,,
,,,,,,,,,,,,,,,,,,,,,,,,,,,,,,,,,,,
,,,,,,,,,,,,,,,,,,,,,,,,,,,,,,,,,,,
,,,,,,,,,,,,,,,,,,,,,,,,,,,,,,,,,,,
,,,,,,,,,,,,,,,,,,,,,,,,,,,,,,,,,,,
,,,,,,,,,,,,,,,,,,,,,,,,,,,,,,,,,,,
,,,,,,,,,,,,,,,,,,,,,,,,,,,,,,,,,,,
,,,,,,,,,,,,,,,,,,,,,,,,,,,,,,,,,,,
,,,,,,,,,,,,,,,,,,,,,,,,,,,,,,,,,,,
,,,,,,,,,,,,,,,,,,,,,,,,,,,,,,,,,,,
,,,,,,,,,,,,,,,,,,,,,,,,,,,,,,,,,,,
,,,,,,,,,,,,,,,,,,,,,,,,,,,,,,,,,,,
,,,,,,,,,,,,,,,,,,,,,,,,,,,,,,,,,,,
,,,,,,,,,,,,,,,,,,,,,,,,,,,,,,,,,,,
,,,,,,,,,,,,,,,,,,,,,,,,,,,,,,,,,,,
,,,,,,,,,,,,,,,,,,,,,,,,,,,,,,,,,,,
,,,,,,,,,,,,,,,,,,,,,,,,,,,,,,,,,,,
,,,,,,,,,,,,,,,,,,,,,,,,,,,,,,,,,,,
,,,,,,,,,,,,,,,,,,,,,,,,,,,,,,,,,,,
,,,,,,,,,,,,,,,,,,,,,,,,,,,,,,,,,,,
,,,,,,,,,,,,,,,,,,,,,,,,,,,,,,,,,,,
,,,,,,,,,,,,,,,,,,,,,,,,,,,,,,,,,,,
,,,,,,,,,,,,,,,,,,,,,,,,,,,,,,,,,,,
,,,,,,,,,,,,,,,,,,,,,,,,,,,,,,,,,,,
,,,,,,,,,,,,,,,,,,,,,,,,,,,,,,,,,,,
,,,,,,,,,,,,,,,,,,,,,,,,,,,,,,,,,,,
,,,,,,,,,,,,,,,,,,,,,,,,,,,,,,,,,,,
,,,,,,,,,,,,,,,,,,,,,,,,,,,,,,,,,,,
,,,,,,,,,,,,,,,,,,,,,,,,,,,,,,,,,,,
,,,,,,,,,,,,,,,,,,,,,,,,,,,,,,,,,,,
,,,,,,,,,,,,,,,,,,,,,,,,,,,,,,,,,,,
,,,,,,,,,,,,,,,,,,,,,,,,,,,,,,,,,,,
,,,,,,,,,,,,,,,,,,,,,,,,,,,,,,,,,,,
,,,,,,,,,,,,,,,,,,,,,,,,,,,,,,,,,,,
,,,,,,,,,,,,,,,,,,,,,,,,,,,,,,,,,,,
,,,,,,,,,,,,,,,,,,,,,,,,,,,,,,,,,,,
,,,,,,,,,,,,,,,,,,,,,,,,,,,,,,,,,,,
,,,,,,,,,,,,,,,,,,,,,,,,,,,,,,,,,,,
,,,,,,,,,,,,,,,,,,,,,,,,,,,,,,,,,,,
,,,,,,,,,,,,,,,,,,,,,,,,,,,,,,,,,,,
,,,,,,,,,,,,,,,,,,,,,,,,,,,,,,,,,,,
,,,,,,,,,,,,,,,,,,,,,,,,,,,,,,,,,,,
,,,,,,,,,,,,,,,,,,,,,,,,,,,,,,,,,,,
,,,,,,,,,,,,,,,,,,,,,,,,,,,,,,,,,,,
,,,,,,,,,,,,,,,,,,,,,,,,,,,,,,,,,,,
,,,,,,,,,,,,,,,,,,,,,,,,,,,,,,,,,,,
,,,,,,,,,,,,,,,,,,,,,,,,,,,,,,,,,,,
,,,,,,,,,,,,,,,,,,,,,,,,,,,,,,,,,,,
,,,,,,,,,,,,,,,,,,,,,,,,,,,,,,,,,,,
,,,,,,,,,,,,,,,,,,,,,,,,,,,,,,,,,,,
,,,,,,,,,,,,,,,,,,,,,,,,,,,,,,,,,,,
,,,,,,,,,,,,,,,,,,,,,,,,,,,,,,,,,,,
,,,,,,,,,,,,,,,,,,,,,,,,,,,,,,,,,,,
,,,,,,,,,,,,,,,,,,,,,,,,,,,,,,,,,,,
,,,,,,,,,,,,,,,,,,,,,,,,,,,,,,,,,,,
,,,,,,,,,,,,,,,,,,,,,,,,,,,,,,,,,,,
,,,,,,,,,,,,,,,,,,,,,,,,,,,,,,,,,,,
,,,,,,,,,,,,,,,,,,,,,,,,,,,,,,,,,,,
,,,,,,,,,,,,,,,,,,,,,,,,,,,,,,,,,,,
,,,,,,,,,,,,,,,,,,,,,,,,,,,,,,,,,,,
,,,,,,,,,,,,,,,,,,,,,,,,,,,,,,,,,,,
,,,,,,,,,,,,,,,,,,,,,,,,,,,,,,,,,,,
,,,,,,,,,,,,,,,,,,,,,,,,,,,,,,,,,,,
,,,,,,,,,,,,,,,,,,,,,,,,,,,,,,,,,,,
,,,,,,,,,,,,,,,,,,,,,,,,,,,,,,,,,,,
,,,,,,,,,,,,,,,,,,,,,,,,,,,,,,,,,,,
,,,,,,,,,,,,,,,,,,,,,,,,,,,,,,,,,,,
,,,,,,,,,,,,,,,,,,,,,,,,,,,,,,,,,,,
,,,,,,,,,,,,,,,,,,,,,,,,,,,,,,,,,,,
,,,,,,,,,,,,,,,,,,,,,,,,,,,,,,,,,,,
,,,,,,,,,,,,,,,,,,,,,,,,,,,,,,,,,,,
,,,,,,,,,,,,,,,,,,,,,,,,,,,,,,,,,,,
,,,,,,,,,,,,,,,,,,,,,,,,,,,,,,,,,,,
,,,,,,,,,,,,,,,,,,,,,,,,,,,,,,,,,,,
,,,,,,,,,,,,,,,,,,,,,,,,,,,,,,,,,,,
,,,,,,,,,,,,,,,,,,,,,,,,,,,,,,,,,,,
,,,,,,,,,,,,,,,,,,,,,,,,,,,,,,,,,,,
,,,,,,,,,,,,,,,,,,,,,,,,,,,,,,,,,,,
,,,,,,,,,,,,,,,,,,,,,,,,,,,,,,,,,,,
,,,,,,,,,,,,,,,,,,,,,,,,,,,,,,,,,,,
,,,,,,,,,,,,,,,,,,,,,,,,,,,,,,,,,,,
,,,,,,,,,,,,,,,,,,,,,,,,,,,,,,,,,,,
,,,,,,,,,,,,,,,,,,,,,,,,,,,,,,,,,,,
,,,,,,,,,,,,,,,,,,,,,,,,,,,,,,,,,,,
,,,,,,,,,,,,,,,,,,,,,,,,,,,,,,,,,,,
,,,,,,,,,,,,,,,,,,,,,,,,,,,,,,,,,,,
,,,,,,,,,,,,,,,,,,,,,,,,,,,,,,,,,,,
,,,,,,,,,,,,,,,,,,,,,,,,,,,,,,,,,,,
,,,,,,,,,,,,,,,,,,,,,,,,,,,,,,,,,,,
,,,,,,,,,,,,,,,,,,,,,,,,,,,,,,,,,,,
,,,,,,,,,,,,,,,,,,,,,,,,,,,,,,,,,,,
,,,,,,,,,,,,,,,,,,,,,,,,,,,,,,,,,,,
,,,,,,,,,,,,,,,,,,,,,,,,,,,,,,,,,,,
,,,,,,,,,,,,,,,,,,,,,,,,,,,,,,,,,,,
,,,,,,,,,,,,,,,,,,,,,,,,,,,,,,,,,,,
,,,,,,,,,,,,,,,,,,,,,,,,,,,,,,,,,,,
,,,,,,,,,,,,,,,,,,,,,,,,,,,,,,,,,,,
,,,,,,,,,,,,,,,,,,,,,,,,,,,,,,,,,,,
,,,,,,,,,,,,,,,,,,,,,,,,,,,,,,,,,,,
,,,,,,,,,,,,,,,,,,,,,,,,,,,,,,,,,,,
,,,,,,,,,,,,,,,,,,,,,,,,,,,,,,,,,,,
,,,,,,,,,,,,,,,,,,,,,,,,,,,,,,,,,,,
,,,,,,,,,,,,,,,,,,,,,,,,,,,,,,,,,,,
,,,,,,,,,,,,,,,,,,,,,,,,,,,,,,,,,,,
,,,,,,,,,,,,,,,,,,,,,,,,,,,,,,,,,,,
,,,,,,,,,,,,,,,,,,,,,,,,,,,,,,,,,,,
,,,,,,,,,,,,,,,,,,,,,,,,,,,,,,,,,,,
,,,,,,,,,,,,,,,,, ,,,,,,,,,,,,,,,,,,